{
	"Asia": [
		{
			"countryName": "Afghanistan",
			"alpha2Code": "AF",
			"alpha3Code": "AFG",
			"numericCode": 4,
			"latitude": 33,
			"longitude": 65,
			"population": 38041754,
			"continent": "Asia",
			"code": "AS"
		},
		{
			"countryName": "Bahrain",
			"alpha2Code": "BH",
			"alpha3Code": "BHR",
			"numericCode": 48,
			"latitude": 26,
			"longitude": 50.55,
			"population": 1641172,
			"continent": "Asia",
			"code": "AS"
		},
		{
			"countryName": "Bangladesh",
			"alpha2Code": "BD",
			"alpha3Code": "BGD",
			"numericCode": 50,
			"latitude": 24,
			"longitude": 90,
			"population": 163046161,
			"continent": "Asia",
			"code": "AS"
		},
		{
			"countryName": "Bhutan",
			"alpha2Code": "BT",
			"alpha3Code": "BTN",
			"numericCode": 64,
			"latitude": 27.5,
			"longitude": 90.5,
			"population": 763092,
			"continent": "Asia",
			"code": "AS"
		},
		{
			"countryName": "Brunei Darussalam",
			"alpha2Code": "BN",
			"alpha3Code": "BRN",
			"numericCode": 96,
			"latitude": 4.5,
			"longitude": 114.6667,
			"population": 433285,
			"continent": "Asia",
			"code": "AS"
		},
		{
			"countryName": "Brunei",
			"alpha2Code": "BN",
			"alpha3Code": "BRN",
			"numericCode": 96,
			"latitude": 4.5,
			"longitude": 114.6667,
			"population": 433285,
			"continent": "Asia",
			"code": "AS"
		},
		{
			"countryName": "Cambodia",
			"alpha2Code": "KH",
			"alpha3Code": "KHM",
			"numericCode": 116,
			"latitude": 13,
			"longitude": 105,
			"population": 16486542,
			"continent": "Asia",
			"code": "AS"
		},
		{
			"countryName": "China",
			"alpha2Code": "CN",
			"alpha3Code": "CHN",
			"numericCode": 156,
			"latitude": 35,
			"longitude": 105,
			"population": 1397715000,
			"continent": "Asia",
			"code": "AS"
		},
		{
			"countryName": "Hong Kong",
			"alpha2Code": "HK",
			"alpha3Code": "HKG",
			"numericCode": 344,
			"latitude": 22.25,
			"longitude": 114.1667,
			"population": 7507400,
			"continent": "Asia",
			"code": "AS"
		},
		{
			"countryName": "India",
			"alpha2Code": "IN",
			"alpha3Code": "IND",
			"numericCode": 356,
			"latitude": 20,
			"longitude": 77,
			"population": 1366417754,
			"continent": "Asia",
			"code": "AS"
		},
		{
			"countryName": "Indonesia",
			"alpha2Code": "ID",
			"alpha3Code": "IDN",
			"numericCode": 360,
			"latitude": -5,
			"longitude": 120,
			"population": 270625568,
			"continent": "Asia",
			"code": "AS"
		},
		{
			"countryName": "Iran, Islamic Republic of",
			"alpha2Code": "IR",
			"alpha3Code": "IRN",
			"numericCode": 364,
			"latitude": 32,
			"longitude": 53,
			"population": 82913906,
			"continent": "Asia",
			"code": "AS"
		},
		{
			"countryName": "Iraq",
			"alpha2Code": "IQ",
			"alpha3Code": "IRQ",
			"numericCode": 368,
			"latitude": 33,
			"longitude": 44,
			"population": 39309783,
			"continent": "Asia",
			"code": "AS"
		},
		{
			"countryName": "Israel",
			"alpha2Code": "IL",
			"alpha3Code": "ISR",
			"numericCode": 376,
			"latitude": 31.5,
			"longitude": 34.75,
			"population": 9053300,
			"continent": "Asia",
			"code": "AS"
		},
		{
			"countryName": "Japan",
			"alpha2Code": "JP",
			"alpha3Code": "JPN",
			"numericCode": 392,
			"latitude": 36,
			"longitude": 138,
			"population": 126264931,
			"continent": "Asia",
			"code": "AS"
		},
		{
			"countryName": "Jordan",
			"alpha2Code": "JO",
			"alpha3Code": "JOR",
			"numericCode": 400,
			"latitude": 31,
			"longitude": 36,
			"population": 10101694,
			"continent": "Asia",
			"code": "AS"
		},
		{
			"countryName": "Korea, Democratic People's Republic of",
			"alpha2Code": "KP",
			"alpha3Code": "PRK",
			"numericCode": 408,
			"latitude": 40,
			"longitude": 127,
			"population": 25666161,
			"continent": "Asia",
			"code": "AS"
		},
		{
			"countryName": "Korea, Republic of",
			"alpha2Code": "KR",
			"alpha3Code": "KOR",
			"numericCode": 410,
			"latitude": 37,
			"longitude": 127.5,
			"population": 51709098,
			"continent": "Asia",
			"code": "AS"
		},
		{
			"countryName": "South Korea",
			"alpha2Code": "KR",
			"alpha3Code": "KOR",
			"numericCode": 410,
			"latitude": 37,
			"longitude": 127.5,
			"population": 51709098,
			"continent": "Asia",
			"code": "AS"
		},
		{
			"countryName": "Kuwait",
			"alpha2Code": "KW",
			"alpha3Code": "KWT",
			"numericCode": 414,
			"latitude": 29.3375,
			"longitude": 47.6581,
			"population": 4207083,
			"continent": "Asia",
			"code": "AS"
		},
		{
			"countryName": "Kyrgyzstan",
			"alpha2Code": "KG",
			"alpha3Code": "KGZ",
			"numericCode": 417,
			"latitude": 41,
			"longitude": 75,
			"population": 6456900,
			"continent": "Asia",
			"code": "AS"
		},
		{
			"countryName": "Lao People's Democratic Republic",
			"alpha2Code": "LA",
			"alpha3Code": "LAO",
			"numericCode": 418,
			"latitude": 18,
			"longitude": 105,
			"population": 7169455,
			"continent": "Asia",
			"code": "AS"
		},
		{
			"countryName": "Lebanon",
			"alpha2Code": "LB",
			"alpha3Code": "LBN",
			"numericCode": 422,
			"latitude": 33.8333,
			"longitude": 35.8333,
			"population": 6855713,
			"continent": "Asia",
			"code": "AS"
		},
		{
			"countryName": "Macao",
			"alpha2Code": "MO",
			"alpha3Code": "MAC",
			"numericCode": 446,
			"latitude": 22.1667,
			"longitude": 113.55,
			"population": 640445,
			"continent": "Asia",
			"code": "AS"
		},
		{
			"countryName": "Malaysia",
			"alpha2Code": "MY",
			"alpha3Code": "MYS",
			"numericCode": 458,
			"latitude": 2.5,
			"longitude": 112.5,
			"population": 31949777,
			"continent": "Asia",
			"code": "AS"
		},
		{
			"countryName": "Maldives",
			"alpha2Code": "MV",
			"alpha3Code": "MDV",
			"numericCode": 462,
			"latitude": 3.25,
			"longitude": 73,
			"population": 530953,
			"continent": "Asia",
			"code": "AS"
		},
		{
			"countryName": "Mongolia",
			"alpha2Code": "MN",
			"alpha3Code": "MNG",
			"numericCode": 496,
			"latitude": 46,
			"longitude": 105,
			"population": 3225167,
			"continent": "Asia",
			"code": "AS"
		},
		{
			"countryName": "Myanmar",
			"alpha2Code": "MM",
			"alpha3Code": "MMR",
			"numericCode": 104,
			"latitude": 22,
			"longitude": 98,
			"population": 54045420,
			"continent": "Asia",
			"code": "AS"
		},
		{
			"countryName": "Burma",
			"alpha2Code": "MM",
			"alpha3Code": "MMR",
			"numericCode": 104,
			"latitude": 22,
			"longitude": 98,
			"population": 54045420,
			"continent": "Asia",
			"code": "AS"
		},
		{
			"countryName": "Nepal",
			"alpha2Code": "NP",
			"alpha3Code": "NPL",
			"numericCode": 524,
			"latitude": 28,
			"longitude": 84,
			"population": 28608710,
			"continent": "Asia",
			"code": "AS"
		},
		{
			"countryName": "Oman",
			"alpha2Code": "OM",
			"alpha3Code": "OMN",
			"numericCode": 512,
			"latitude": 21,
			"longitude": 57,
			"population": 4974986,
			"continent": "Asia",
			"code": "AS"
		},
		{
			"countryName": "Pakistan",
			"alpha2Code": "PK",
			"alpha3Code": "PAK",
			"numericCode": 586,
			"latitude": 30,
			"longitude": 70,
			"population": 216565318,
			"continent": "Asia",
			"code": "AS"
		},
		{
			"countryName": "Palestinian Territory, Occupied",
			"alpha2Code": "PS",
			"alpha3Code": "PSE",
			"numericCode": 275,
			"latitude": 32,
			"longitude": 35.25,
			"population": 4685306,
			"continent": "Asia",
			"code": "AS"
		},
		{
			"countryName": "Philippines",
			"alpha2Code": "PH",
			"alpha3Code": "PHL",
			"numericCode": 608,
			"latitude": 13,
			"longitude": 122,
			"population": 108116615,
			"continent": "Asia",
			"code": "AS"
		},
		{
			"countryName": "Qatar",
			"alpha2Code": "QA",
			"alpha3Code": "QAT",
			"numericCode": 634,
			"latitude": 25.5,
			"longitude": 51.25,
			"population": 2832067,
			"continent": "Asia",
			"code": "AS"
		},
		{
			"countryName": "Saudi Arabia",
			"alpha2Code": "SA",
			"alpha3Code": "SAU",
			"numericCode": 682,
			"latitude": 25,
			"longitude": 45,
			"population": 34268528,
			"continent": "Asia",
			"code": "AS"
		},
		{
			"countryName": "Singapore",
			"alpha2Code": "SG",
			"alpha3Code": "SGP",
			"numericCode": 702,
			"latitude": 1.3667,
			"longitude": 103.8,
			"population": 5703569,
			"continent": "Asia",
			"code": "AS"
		},
		{
			"countryName": "Sri Lanka",
			"alpha2Code": "LK",
			"alpha3Code": "LKA",
			"numericCode": 144,
			"latitude": 7,
			"longitude": 81,
			"population": 21803000,
			"continent": "Asia",
			"code": "AS"
		},
		{
			"countryName": "Syrian Arab Republic",
			"alpha2Code": "SY",
			"alpha3Code": "SYR",
			"numericCode": 760,
			"latitude": 35,
			"longitude": 38,
			"population": 17070135,
			"continent": "Asia",
			"code": "AS"
		},
		{
			"countryName": "Tajikistan",
			"alpha2Code": "TJ",
			"alpha3Code": "TJK",
			"numericCode": 762,
			"latitude": 39,
			"longitude": 71,
			"population": 9321018,
			"continent": "Asia",
			"code": "AS"
		},
		{
			"countryName": "Thailand",
			"alpha2Code": "TH",
			"alpha3Code": "THA",
			"numericCode": 764,
			"latitude": 15,
			"longitude": 100,
			"population": 69625582,
			"continent": "Asia",
			"code": "AS"
		},
		{
			"countryName": "Timor-Leste",
			"alpha2Code": "TL",
			"alpha3Code": "TLS",
			"numericCode": 626,
			"latitude": -8.55,
			"longitude": 125.5167,
			"population": 1293119,
			"continent": "Asia",
			"code": "AS"
		},
		{
			"countryName": "Turkmenistan",
			"alpha2Code": "TM",
			"alpha3Code": "TKM",
			"numericCode": 795,
			"latitude": 40,
			"longitude": 60,
			"population": 5942089,
			"continent": "Asia",
			"code": "AS"
		},
		{
			"countryName": "United Arab Emirates",
			"alpha2Code": "AE",
			"alpha3Code": "ARE",
			"numericCode": 784,
			"latitude": 24,
			"longitude": 54,
			"population": 9770529,
			"continent": "Asia",
			"code": "AS"
		},
		{
			"countryName": "Uzbekistan",
			"alpha2Code": "UZ",
			"alpha3Code": "UZB",
			"numericCode": 860,
			"latitude": 41,
			"longitude": 64,
			"population": 33580650,
			"continent": "Asia",
			"code": "AS"
		},
		{
			"countryName": "Viet Nam",
			"alpha2Code": "VN",
			"alpha3Code": "VNM",
			"numericCode": 704,
			"latitude": 16,
			"longitude": 106,
			"population": 96462106,
			"continent": "Asia",
			"code": "AS"
		},
		{
			"countryName": "Vietnam",
			"alpha2Code": "VN",
			"alpha3Code": "VNM",
			"numericCode": 704,
			"latitude": 16,
			"longitude": 106,
			"population": 96462106,
			"continent": "Asia",
			"code": "AS"
		},
		{
			"countryName": "Yemen",
			"alpha2Code": "YE",
			"alpha3Code": "YEM",
			"numericCode": 887,
			"latitude": 15,
			"longitude": 48,
			"population": 29161922,
			"continent": "Asia",
			"code": "AS"
		}
	],
	"Europe": [
		{
			"countryName": "Albania",
			"alpha2Code": "AL",
			"alpha3Code": "ALB",
			"numericCode": 8,
			"latitude": 41,
			"longitude": 20,
			"population": 2854191,
			"continent": "Europe",
			"code": "EU"
		},
		{
			"countryName": "Andorra",
			"alpha2Code": "AD",
			"alpha3Code": "AND",
			"numericCode": 20,
			"latitude": 42.5,
			"longitude": 1.6,
			"population": 77142,
			"continent": "Europe",
			"code": "EU"
		},
		{
			"countryName": "Armenia",
			"alpha2Code": "AM",
			"alpha3Code": "ARM",
			"numericCode": 51,
			"latitude": 40,
			"longitude": 45,
			"population": 2957731,
			"continent": "Europe",
			"code": "EU"
		},
		{
			"countryName": "Austria",
			"alpha2Code": "AT",
			"alpha3Code": "AUT",
			"numericCode": 40,
			"latitude": 47.3333,
			"longitude": 13.3333,
			"population": 8877067,
			"continent": "Europe",
			"code": "EU"
		},
		{
			"countryName": "Azerbaijan",
			"alpha2Code": "AZ",
			"alpha3Code": "AZE",
			"numericCode": 31,
			"latitude": 40.5,
			"longitude": 47.5,
			"population": 10023318,
			"continent": "Europe",
			"code": "EU"
		},
		{
			"countryName": "Belarus",
			"alpha2Code": "BY",
			"alpha3Code": "BLR",
			"numericCode": 112,
			"latitude": 53,
			"longitude": 28,
			"population": 9466856,
			"continent": "Europe",
			"code": "EU"
		},
		{
			"countryName": "Belgium",
			"alpha2Code": "BE",
			"alpha3Code": "BEL",
			"numericCode": 56,
			"latitude": 50.8333,
			"longitude": 4,
			"population": 11484055,
			"continent": "Europe",
			"code": "EU"
		},
		{
			"countryName": "Bosnia and Herzegovina",
			"alpha2Code": "BA",
			"alpha3Code": "BIH",
			"numericCode": 70,
			"latitude": 44,
			"longitude": 18,
			"population": 3301000,
			"continent": "Europe",
			"code": "EU"
		},
		{
			"countryName": "Bulgaria",
			"alpha2Code": "BG",
			"alpha3Code": "BGR",
			"numericCode": 100,
			"latitude": 43,
			"longitude": 25,
			"population": 6975761,
			"continent": "Europe",
			"code": "EU"
		},
		{
			"countryName": "Croatia",
			"alpha2Code": "HR",
			"alpha3Code": "HRV",
			"numericCode": 191,
			"latitude": 45.1667,
			"longitude": 15.5,
			"population": 4067500,
			"continent": "Europe",
			"code": "EU"
		},
		{
			"countryName": "Cyprus",
			"alpha2Code": "CY",
			"alpha3Code": "CYP",
			"numericCode": 196,
			"latitude": 35,
			"longitude": 33,
			"population": 1198575,
			"continent": "Europe",
			"code": "EU"
		},
		{
			"countryName": "Czech Republic",
			"alpha2Code": "CZ",
			"alpha3Code": "CZE",
			"numericCode": 203,
			"latitude": 49.75,
			"longitude": 15.5,
			"population": 10669709,
			"continent": "Europe",
			"code": "EU"
		},
		{
			"countryName": "Denmark",
			"alpha2Code": "DK",
			"alpha3Code": "DNK",
			"numericCode": 208,
			"latitude": 56,
			"longitude": 10,
			"population": 5818553,
			"continent": "Europe",
			"code": "EU"
		},
		{
			"countryName": "Estonia",
			"alpha2Code": "EE",
			"alpha3Code": "EST",
			"numericCode": 233,
			"latitude": 59,
			"longitude": 26,
			"population": 1326590,
			"continent": "Europe",
			"code": "EU"
		},
		{
			"countryName": "Faroe Islands",
			"alpha2Code": "FO",
			"alpha3Code": "FRO",
			"numericCode": 234,
			"latitude": 62,
			"longitude": -7,
			"population": 48678,
			"continent": "Europe",
			"code": "EU"
		},
		{
			"countryName": "Finland",
			"alpha2Code": "FI",
			"alpha3Code": "FIN",
			"numericCode": 246,
			"latitude": 64,
			"longitude": 26,
			"population": 5520314,
			"continent": "Europe",
			"code": "EU"
		},
		{
			"countryName": "France",
			"alpha2Code": "FR",
			"alpha3Code": "FRA",
			"numericCode": 250,
			"latitude": 46,
			"longitude": 2,
			"population": 67059887,
			"continent": "Europe",
			"code": "EU"
		},
		{
			"countryName": "Georgia",
			"alpha2Code": "GE",
			"alpha3Code": "GEO",
			"numericCode": 268,
			"latitude": 42,
			"longitude": 43.5,
			"population": 3720382,
			"continent": "Europe",
			"code": "EU"
		},
		{
			"countryName": "Germany",
			"alpha2Code": "DE",
			"alpha3Code": "DEU",
			"numericCode": 276,
			"latitude": 51,
			"longitude": 9,
			"population": 83132799,
			"continent": "Europe",
			"code": "EU"
		},
		{
			"countryName": "Gibraltar",
			"alpha2Code": "GI",
			"alpha3Code": "GIB",
			"numericCode": 292,
			"latitude": 36.1833,
			"longitude": -5.3667,
			"population": 33701,
			"continent": "Europe",
			"code": "EU"
		},
		{
			"countryName": "Greece",
			"alpha2Code": "GR",
			"alpha3Code": "GRC",
			"numericCode": 300,
			"latitude": 39,
			"longitude": 22,
			"population": 10716322,
			"continent": "Europe",
			"code": "EU"
		},
		{
			"countryName": "Hungary",
			"alpha2Code": "HU",
			"alpha3Code": "HUN",
			"numericCode": 348,
			"latitude": 47,
			"longitude": 20,
			"population": 9769949,
			"continent": "Europe",
			"code": "EU"
		},
		{
			"countryName": "Iceland",
			"alpha2Code": "IS",
			"alpha3Code": "ISL",
			"numericCode": 352,
			"latitude": 65,
			"longitude": -18,
			"population": 361313,
			"continent": "Europe",
			"code": "EU"
		},
		{
			"countryName": "Ireland",
			"alpha2Code": "IE",
			"alpha3Code": "IRL",
			"numericCode": 372,
			"latitude": 53,
			"longitude": -8,
			"population": 4941444,
			"continent": "Europe",
			"code": "EU"
		},
		{
			"countryName": "Isle of Man",
			"alpha2Code": "IM",
			"alpha3Code": "IMN",
			"numericCode": 833,
			"latitude": 54.23,
			"longitude": -4.55,
			"population": 84584,
			"continent": "Europe",
			"code": "EU"
		},
		{
			"countryName": "Italy",
			"alpha2Code": "IT",
			"alpha3Code": "ITA",
			"numericCode": 380,
			"latitude": 42.8333,
			"longitude": 12.8333,
			"population": 60297396,
			"continent": "Europe",
			"code": "EU"
		},
		{
			"countryName": "Kazakhstan",
			"alpha2Code": "KZ",
			"alpha3Code": "KAZ",
			"numericCode": 398,
			"latitude": 48,
			"longitude": 68,
			"population": 18513930,
			"continent": "Europe",
			"code": "EU"
		},
		{
			"countryName": "Latvia",
			"alpha2Code": "LV",
			"alpha3Code": "LVA",
			"numericCode": 428,
			"latitude": 57,
			"longitude": 25,
			"population": 1912789,
			"continent": "Europe",
			"code": "EU"
		},
		{
			"countryName": "Liechtenstein",
			"alpha2Code": "LI",
			"alpha3Code": "LIE",
			"numericCode": 438,
			"latitude": 47.1667,
			"longitude": 9.5333,
			"population": 38019,
			"continent": "Europe",
			"code": "EU"
		},
		{
			"countryName": "Lithuania",
			"alpha2Code": "LT",
			"alpha3Code": "LTU",
			"numericCode": 440,
			"latitude": 56,
			"longitude": 24,
			"population": 2786844,
			"continent": "Europe",
			"code": "EU"
		},
		{
			"countryName": "Luxembourg",
			"alpha2Code": "LU",
			"alpha3Code": "LUX",
			"numericCode": 442,
			"latitude": 49.75,
			"longitude": 6.1667,
			"population": 619896,
			"continent": "Europe",
			"code": "EU"
		},
		{
			"countryName": "Macedonia, the former Yugoslav Republic of",
			"alpha2Code": "MK",
			"alpha3Code": "MKD",
			"numericCode": 807,
			"latitude": 41.8333,
			"longitude": 22,
			"population": 2083459,
			"continent": "Europe",
			"code": "EU"
		},
		{
			"countryName": "Malta",
			"alpha2Code": "MT",
			"alpha3Code": "MLT",
			"numericCode": 470,
			"latitude": 35.8333,
			"longitude": 14.5833,
			"population": 502653,
			"continent": "Europe",
			"code": "EU"
		},
		{
			"countryName": "Moldova, Republic of",
			"alpha2Code": "MD",
			"alpha3Code": "MDA",
			"numericCode": 498,
			"latitude": 47,
			"longitude": 29,
			"population": 2657637,
			"continent": "Europe",
			"code": "EU"
		},
		{
			"countryName": "Monaco",
			"alpha2Code": "MC",
			"alpha3Code": "MCO",
			"numericCode": 492,
			"latitude": 43.7333,
			"longitude": 7.4,
			"population": 38964,
			"continent": "Europe",
			"code": "EU"
		},
		{
			"countryName": "Montenegro",
			"alpha2Code": "ME",
			"alpha3Code": "MNE",
			"numericCode": 499,
			"latitude": 42,
			"longitude": 19,
			"population": 622137,
			"continent": "Europe",
			"code": "EU"
		},
		{
			"countryName": "Netherlands",
			"alpha2Code": "NL",
			"alpha3Code": "NLD",
			"numericCode": 528,
			"latitude": 52.5,
			"longitude": 5.75,
			"population": 17332850,
			"continent": "Europe",
			"code": "EU"
		},
		{
			"countryName": "Norway",
			"alpha2Code": "NO",
			"alpha3Code": "NOR",
			"numericCode": 578,
			"latitude": 62,
			"longitude": 10,
			"population": 5347896,
			"continent": "Europe",
			"code": "EU"
		},
		{
			"countryName": "Poland",
			"alpha2Code": "PL",
			"alpha3Code": "POL",
			"numericCode": 616,
			"latitude": 52,
			"longitude": 20,
			"population": 37970874,
			"continent": "Europe",
			"code": "EU"
		},
		{
			"countryName": "Portugal",
			"alpha2Code": "PT",
			"alpha3Code": "PRT",
			"numericCode": 620,
			"latitude": 39.5,
			"longitude": -8,
			"population": 10269417,
			"continent": "Europe",
			"code": "EU"
		},
		{
			"countryName": "Romania",
			"alpha2Code": "RO",
			"alpha3Code": "ROU",
			"numericCode": 642,
			"latitude": 46,
			"longitude": 25,
			"population": 19356544,
			"continent": "Europe",
			"code": "EU"
		},
		{
			"countryName": "Russian Federation",
			"alpha2Code": "RU",
			"alpha3Code": "RUS",
			"numericCode": 643,
			"latitude": 60,
			"longitude": 100,
			"population": 144373535,
			"continent": "Europe",
			"code": "EU"
		},
		{
			"countryName": "Russia",
			"alpha2Code": "RU",
			"alpha3Code": "RUS",
			"numericCode": 643,
			"latitude": 60,
			"longitude": 100,
			"population": 144373535,
			"continent": "Europe",
			"code": "EU"
		},
		{
			"countryName": "San Marino",
			"alpha2Code": "SM",
			"alpha3Code": "SMR",
			"numericCode": 674,
			"latitude": 43.7667,
			"longitude": 12.4167,
			"population": 33860,
			"continent": "Europe",
			"code": "EU"
		},
		{
			"countryName": "Serbia",
			"alpha2Code": "RS",
			"alpha3Code": "SRB",
			"numericCode": 688,
			"latitude": 44,
			"longitude": 21,
			"population": 6944975,
			"continent": "Europe",
			"code": "EU"
		},
		{
			"countryName": "Slovakia",
			"alpha2Code": "SK",
			"alpha3Code": "SVK",
			"numericCode": 703,
			"latitude": 48.6667,
			"longitude": 19.5,
			"population": 5454073,
			"continent": "Europe",
			"code": "EU"
		},
		{
			"countryName": "Slovenia",
			"alpha2Code": "SI",
			"alpha3Code": "SVN",
			"numericCode": 705,
			"latitude": 46,
			"longitude": 15,
			"population": 2087946,
			"continent": "Europe",
			"code": "EU"
		},
		{
			"countryName": "Spain",
			"alpha2Code": "ES",
			"alpha3Code": "ESP",
			"numericCode": 724,
			"latitude": 40,
			"longitude": -4,
			"population": 47076781,
			"continent": "Europe",
			"code": "EU"
		},
		{
			"countryName": "Sweden",
			"alpha2Code": "SE",
			"alpha3Code": "SWE",
			"numericCode": 752,
			"latitude": 62,
			"longitude": 15,
			"population": 10285453,
			"continent": "Europe",
			"code": "EU"
		},
		{
			"countryName": "Switzerland",
			"alpha2Code": "CH",
			"alpha3Code": "CHE",
			"numericCode": 756,
			"latitude": 47,
			"longitude": 8,
			"population": 8574832,
			"continent": "Europe",
			"code": "EU"
		},
		{
			"countryName": "Turkey",
			"alpha2Code": "TR",
			"alpha3Code": "TUR",
			"numericCode": 792,
			"latitude": 39,
			"longitude": 35,
			"population": 83429615,
			"continent": "Europe",
			"code": "EU"
		},
		{
			"countryName": "Ukraine",
			"alpha2Code": "UA",
			"alpha3Code": "UKR",
			"numericCode": 804,
			"latitude": 49,
			"longitude": 32,
			"population": 44385155,
			"continent": "Europe",
			"code": "EU"
		},
		{
			"countryName": "United Kingdom",
			"alpha2Code": "GB",
			"alpha3Code": "GBR",
			"numericCode": 826,
			"latitude": 54,
			"longitude": -2,
			"population": 66834405,
			"continent": "Europe",
			"code": "EU"
		}
	],
	"Africa": [
		{
			"countryName": "Algeria",
			"alpha2Code": "DZ",
			"alpha3Code": "DZA",
			"numericCode": 12,
			"latitude": 28,
			"longitude": 3,
			"population": 43053054,
			"continent": "Africa",
			"code": "AF"
		},
		{
			"countryName": "Angola",
			"alpha2Code": "AO",
			"alpha3Code": "AGO",
			"numericCode": 24,
			"latitude": -12.5,
			"longitude": 18.5,
			"population": 31825295,
			"continent": "Africa",
			"code": "AF"
		},
		{
			"countryName": "Benin",
			"alpha2Code": "BJ",
			"alpha3Code": "BEN",
			"numericCode": 204,
			"latitude": 9.5,
			"longitude": 2.25,
			"population": 11801151,
			"continent": "Africa",
			"code": "AF"
		},
		{
			"countryName": "Botswana",
			"alpha2Code": "BW",
			"alpha3Code": "BWA",
			"numericCode": 72,
			"latitude": -22,
			"longitude": 24,
			"population": 2303697,
			"continent": "Africa",
			"code": "AF"
		},
		{
			"countryName": "Burkina Faso",
			"alpha2Code": "BF",
			"alpha3Code": "BFA",
			"numericCode": 854,
			"latitude": 13,
			"longitude": -2,
			"population": 20321378,
			"continent": "Africa",
			"code": "AF"
		},
		{
			"countryName": "Burundi",
			"alpha2Code": "BI",
			"alpha3Code": "BDI",
			"numericCode": 108,
			"latitude": -3.5,
			"longitude": 30,
			"population": 11530580,
			"continent": "Africa",
			"code": "AF"
		},
		{
			"countryName": "Cameroon",
			"alpha2Code": "CM",
			"alpha3Code": "CMR",
			"numericCode": 120,
			"latitude": 6,
			"longitude": 12,
			"population": 25876380,
			"continent": "Africa",
			"code": "AF"
		},
		{
			"countryName": "Cape Verde",
			"alpha2Code": "CV",
			"alpha3Code": "CPV",
			"numericCode": 132,
			"latitude": 16,
			"longitude": -24,
			"population": 549935,
			"continent": "Africa",
			"code": "AF"
		},
		{
			"countryName": "Central African Republic",
			"alpha2Code": "CF",
			"alpha3Code": "CAF",
			"numericCode": 140,
			"latitude": 7,
			"longitude": 21,
			"population": 4745185,
			"continent": "Africa",
			"code": "AF"
		},
		{
			"countryName": "Chad",
			"alpha2Code": "TD",
			"alpha3Code": "TCD",
			"numericCode": 148,
			"latitude": 15,
			"longitude": 19,
			"population": 15946876,
			"continent": "Africa",
			"code": "AF"
		},
		{
			"countryName": "Comoros",
			"alpha2Code": "KM",
			"alpha3Code": "COM",
			"numericCode": 174,
			"latitude": -12.1667,
			"longitude": 44.25,
			"population": 850886,
			"continent": "Africa",
			"code": "AF"
		},
		{
			"countryName": "Congo",
			"alpha2Code": "CG",
			"alpha3Code": "COG",
			"numericCode": 178,
			"latitude": -1,
			"longitude": 15,
			"population": 5380508,
			"continent": "Africa",
			"code": "AF"
		},
		{
			"countryName": "Congo, the Democratic Republic of the",
			"alpha2Code": "CD",
			"alpha3Code": "COD",
			"numericCode": 180,
			"latitude": 0,
			"longitude": 25,
			"population": 86790567,
			"continent": "Africa",
			"code": "AF"
		},
		{
			"countryName": "Côte d'Ivoire",
			"alpha2Code": "CI",
			"alpha3Code": "CIV",
			"numericCode": 384,
			"latitude": 8,
			"longitude": -5,
			"population": 25716544,
			"continent": "Africa",
			"code": "AF"
		},
		{
			"countryName": "Ivory Coast",
			"alpha2Code": "CI",
			"alpha3Code": "CIV",
			"numericCode": 384,
			"latitude": 8,
			"longitude": -5,
			"population": 25716544,
			"continent": "Africa",
			"code": "AF"
		},
		{
			"countryName": "Djibouti",
			"alpha2Code": "DJ",
			"alpha3Code": "DJI",
			"numericCode": 262,
			"latitude": 11.5,
			"longitude": 43,
			"population": 973560,
			"continent": "Africa",
			"code": "AF"
		},
		{
			"countryName": "Egypt",
			"alpha2Code": "EG",
			"alpha3Code": "EGY",
			"numericCode": 818,
			"latitude": 27,
			"longitude": 30,
			"population": 100388073,
			"continent": "Africa",
			"code": "AF"
		},
		{
			"countryName": "Equatorial Guinea",
			"alpha2Code": "GQ",
			"alpha3Code": "GNQ",
			"numericCode": 226,
			"latitude": 2,
			"longitude": 10,
			"population": 1355986,
			"continent": "Africa",
			"code": "AF"
		},
		{
			"countryName": "Eritrea",
			"alpha2Code": "ER",
			"alpha3Code": "ERI",
			"numericCode": 232,
			"latitude": 15,
			"longitude": 39,
			"population": 3213972,
			"continent": "Africa",
			"code": "AF"
		},
		{
			"countryName": "Ethiopia",
			"alpha2Code": "ET",
			"alpha3Code": "ETH",
			"numericCode": 231,
			"latitude": 8,
			"longitude": 38,
			"population": 112078730,
			"continent": "Africa",
			"code": "AF"
		},
		{
			"countryName": "Gabon",
			"alpha2Code": "GA",
			"alpha3Code": "GAB",
			"numericCode": 266,
			"latitude": -1,
			"longitude": 11.75,
			"population": 2172579,
			"continent": "Africa",
			"code": "AF"
		},
		{
			"countryName": "Gambia",
			"alpha2Code": "GM",
			"alpha3Code": "GMB",
			"numericCode": 270,
			"latitude": 13.4667,
			"longitude": -16.5667,
			"population": 2347706,
			"continent": "Africa",
			"code": "AF"
		},
		{
			"countryName": "Ghana",
			"alpha2Code": "GH",
			"alpha3Code": "GHA",
			"numericCode": 288,
			"latitude": 8,
			"longitude": -2,
			"population": 30417856,
			"continent": "Africa",
			"code": "AF"
		},
		{
			"countryName": "Guinea",
			"alpha2Code": "GN",
			"alpha3Code": "GIN",
			"numericCode": 324,
			"latitude": 11,
			"longitude": -10,
			"population": 12771246,
			"continent": "Africa",
			"code": "AF"
		},
		{
			"countryName": "Guinea-Bissau",
			"alpha2Code": "GW",
			"alpha3Code": "GNB",
			"numericCode": 624,
			"latitude": 12,
			"longitude": -15,
			"population": 1920922,
			"continent": "Africa",
			"code": "AF"
		},
		{
			"countryName": "Kenya",
			"alpha2Code": "KE",
			"alpha3Code": "KEN",
			"numericCode": 404,
			"latitude": 1,
			"longitude": 38,
			"population": 52573973,
			"continent": "Africa",
			"code": "AF"
		},
		{
			"countryName": "Lesotho",
			"alpha2Code": "LS",
			"alpha3Code": "LSO",
			"numericCode": 426,
			"latitude": -29.5,
			"longitude": 28.5,
			"population": 2125268,
			"continent": "Africa",
			"code": "AF"
		},
		{
			"countryName": "Liberia",
			"alpha2Code": "LR",
			"alpha3Code": "LBR",
			"numericCode": 430,
			"latitude": 6.5,
			"longitude": -9.5,
			"population": 4937374,
			"continent": "Africa",
			"code": "AF"
		},
		{
			"countryName": "Libyan Arab Jamahiriya",
			"alpha2Code": "LY",
			"alpha3Code": "LBY",
			"numericCode": 434,
			"latitude": 25,
			"longitude": 17,
			"population": 6777452,
			"continent": "Africa",
			"code": "AF"
		},
		{
			"countryName": "Libya",
			"alpha2Code": "LY",
			"alpha3Code": "LBY",
			"numericCode": 434,
			"latitude": 25,
			"longitude": 17,
			"population": 6777452,
			"continent": "Africa",
			"code": "AF"
		},
		{
			"countryName": "Madagascar",
			"alpha2Code": "MG",
			"alpha3Code": "MDG",
			"numericCode": 450,
			"latitude": -20,
			"longitude": 47,
			"population": 26969307,
			"continent": "Africa",
			"code": "AF"
		},
		{
			"countryName": "Malawi",
			"alpha2Code": "MW",
			"alpha3Code": "MWI",
			"numericCode": 454,
			"latitude": -13.5,
			"longitude": 34,
			"population": 18628747,
			"continent": "Africa",
			"code": "AF"
		},
		{
			"countryName": "Mali",
			"alpha2Code": "ML",
			"alpha3Code": "MLI",
			"numericCode": 466,
			"latitude": 17,
			"longitude": -4,
			"population": 19658031,
			"continent": "Africa",
			"code": "AF"
		},
		{
			"countryName": "Mauritania",
			"alpha2Code": "MR",
			"alpha3Code": "MRT",
			"numericCode": 478,
			"latitude": 20,
			"longitude": -12,
			"population": 4525696,
			"continent": "Africa",
			"code": "AF"
		},
		{
			"countryName": "Mauritius",
			"alpha2Code": "MU",
			"alpha3Code": "MUS",
			"numericCode": 480,
			"latitude": -20.2833,
			"longitude": 57.55,
			"population": 1265711,
			"continent": "Africa",
			"code": "AF"
		},
		{
			"countryName": "Morocco",
			"alpha2Code": "MA",
			"alpha3Code": "MAR",
			"numericCode": 504,
			"latitude": 32,
			"longitude": -5,
			"population": 36471769,
			"continent": "Africa",
			"code": "AF"
		},
		{
			"countryName": "Mozambique",
			"alpha2Code": "MZ",
			"alpha3Code": "MOZ",
			"numericCode": 508,
			"latitude": -18.25,
			"longitude": 35,
			"population": 30366036,
			"continent": "Africa",
			"code": "AF"
		},
		{
			"countryName": "Namibia",
			"alpha2Code": "NA",
			"alpha3Code": "NAM",
			"numericCode": 516,
			"latitude": -22,
			"longitude": 17,
			"population": 2494530,
			"continent": "Africa",
			"code": "AF"
		},
		{
			"countryName": "Niger",
			"alpha2Code": "NE",
			"alpha3Code": "NER",
			"numericCode": 562,
			"latitude": 16,
			"longitude": 8,
			"population": 23310715,
			"continent": "Africa",
			"code": "AF"
		},
		{
			"countryName": "Nigeria",
			"alpha2Code": "NG",
			"alpha3Code": "NGA",
			"numericCode": 566,
			"latitude": 10,
			"longitude": 8,
			"population": 200963599,
			"continent": "Africa",
			"code": "AF"
		},
		{
			"countryName": "Rwanda",
			"alpha2Code": "RW",
			"alpha3Code": "RWA",
			"numericCode": 646,
			"latitude": -2,
			"longitude": 30,
			"population": 12626950,
			"continent": "Africa",
			"code": "AF"
		},
		{
			"countryName": "Sao Tome and Principe",
			"alpha2Code": "ST",
			"alpha3Code": "STP",
			"numericCode": 678,
			"latitude": 1,
			"longitude": 7,
			"population": 215056,
			"continent": "Africa",
			"code": "AF"
		},
		{
			"countryName": "Senegal",
			"alpha2Code": "SN",
			"alpha3Code": "SEN",
			"numericCode": 686,
			"latitude": 14,
			"longitude": -14,
			"population": 16296364,
			"continent": "Africa",
			"code": "AF"
		},
		{
			"countryName": "Seychelles",
			"alpha2Code": "SC",
			"alpha3Code": "SYC",
			"numericCode": 690,
			"latitude": -4.5833,
			"longitude": 55.6667,
			"population": 97625,
			"continent": "Africa",
			"code": "AF"
		},
		{
			"countryName": "Sierra Leone",
			"alpha2Code": "SL",
			"alpha3Code": "SLE",
			"numericCode": 694,
			"latitude": 8.5,
			"longitude": -11.5,
			"population": 7813215,
			"continent": "Africa",
			"code": "AF"
		},
		{
			"countryName": "Somalia",
			"alpha2Code": "SO",
			"alpha3Code": "SOM",
			"numericCode": 706,
			"latitude": 10,
			"longitude": 49,
			"population": 15442905,
			"continent": "Africa",
			"code": "AF"
		},
		{
			"countryName": "South Africa",
			"alpha2Code": "ZA",
			"alpha3Code": "ZAF",
			"numericCode": 710,
			"latitude": -29,
			"longitude": 24,
			"population": 58558270,
			"continent": "Africa",
			"code": "AF"
		},
		{
			"countryName": "South Sudan",
			"alpha2Code": "SS",
			"alpha3Code": "SSD",
			"numericCode": 728,
			"latitude": 8,
			"longitude": 30,
			"population": 11062113,
			"continent": "Africa",
			"code": "AF"
		},
		{
			"countryName": "Sudan",
			"alpha2Code": "SD",
			"alpha3Code": "SDN",
			"numericCode": 736,
			"latitude": 15,
			"longitude": 30,
			"population": 42813238,
			"continent": "Africa",
			"code": "AF"
		},
		{
			"countryName": "Swaziland",
			"alpha2Code": "SZ",
			"alpha3Code": "SWZ",
			"numericCode": 748,
			"latitude": -26.5,
			"longitude": 31.5,
			"population": 1148130,
			"continent": "Africa",
			"code": "AF"
		},
		{
			"countryName": "Tanzania, United Republic of",
			"alpha2Code": "TZ",
			"alpha3Code": "TZA",
			"numericCode": 834,
			"latitude": -6,
			"longitude": 35,
			"population": 58005463,
			"continent": "Africa",
			"code": "AF"
		},
		{
			"countryName": "Togo",
			"alpha2Code": "TG",
			"alpha3Code": "TGO",
			"numericCode": 768,
			"latitude": 8,
			"longitude": 1.1667,
			"population": 8082366,
			"continent": "Africa",
			"code": "AF"
		},
		{
			"countryName": "Tunisia",
			"alpha2Code": "TN",
			"alpha3Code": "TUN",
			"numericCode": 788,
			"latitude": 34,
			"longitude": 9,
			"population": 11694719,
			"continent": "Africa",
			"code": "AF"
		},
		{
			"countryName": "Uganda",
			"alpha2Code": "UG",
			"alpha3Code": "UGA",
			"numericCode": 800,
			"latitude": 1,
			"longitude": 32,
			"population": 44269594,
			"continent": "Africa",
			"code": "AF"
		},
		{
			"countryName": "Zambia",
			"alpha2Code": "ZM",
			"alpha3Code": "ZMB",
			"numericCode": 894,
			"latitude": -15,
			"longitude": 30,
			"population": 17861030,
			"continent": "Africa",
			"code": "AF"
		},
		{
			"countryName": "Zimbabwe",
			"alpha2Code": "ZW",
			"alpha3Code": "ZWE",
			"numericCode": 716,
			"latitude": -20,
			"longitude": 30,
			"population": 14645468,
			"continent": "Africa",
			"code": "AF"
		}
	],
	"Oceania": [
		{
			"countryName": "American Samoa",
			"alpha2Code": "AS",
			"alpha3Code": "ASM",
			"numericCode": 16,
			"latitude": -14.3333,
			"longitude": -170,
			"population": 55312,
			"continent": "Oceania",
			"code": "OC"
		},
		{
			"countryName": "Australia",
			"alpha2Code": "AU",
			"alpha3Code": "AUS",
			"numericCode": 36,
			"latitude": -27,
			"longitude": 133,
			"population": 25364307,
			"continent": "Oceania",
			"code": "OC"
		},
		{
			"countryName": "Fiji",
			"alpha2Code": "FJ",
			"alpha3Code": "FJI",
			"numericCode": 242,
			"latitude": -18,
			"longitude": 175,
			"population": 889953,
			"continent": "Oceania",
			"code": "OC"
		},
		{
			"countryName": "French Polynesia",
			"alpha2Code": "PF",
			"alpha3Code": "PYF",
			"numericCode": 258,
			"latitude": -15,
			"longitude": -140,
			"population": 279287,
			"continent": "Oceania",
			"code": "OC"
		},
		{
			"countryName": "Guam",
			"alpha2Code": "GU",
			"alpha3Code": "GUM",
			"numericCode": 316,
			"latitude": 13.4667,
			"longitude": 144.7833,
			"population": 167294,
			"continent": "Oceania",
			"code": "OC"
		},
		{
			"countryName": "Kiribati",
			"alpha2Code": "KI",
			"alpha3Code": "KIR",
			"numericCode": 296,
			"latitude": 1.4167,
			"longitude": 173,
			"population": 117606,
			"continent": "Oceania",
			"code": "OC"
		},
		{
			"countryName": "Marshall Islands",
			"alpha2Code": "MH",
			"alpha3Code": "MHL",
			"numericCode": 584,
			"latitude": 9,
			"longitude": 168,
			"population": 58791,
			"continent": "Oceania",
			"code": "OC"
		},
		{
			"countryName": "Micronesia, Federated States of",
			"alpha2Code": "FM",
			"alpha3Code": "FSM",
			"numericCode": 583,
			"latitude": 6.9167,
			"longitude": 158.25,
			"population": 113815,
			"continent": "Oceania",
			"code": "OC"
		},
		{
			"countryName": "Nauru",
			"alpha2Code": "NR",
			"alpha3Code": "NRU",
			"numericCode": 520,
			"latitude": -0.5333,
			"longitude": 166.9167,
			"population": 12581,
			"continent": "Oceania",
			"code": "OC"
		},
		{
			"countryName": "New Caledonia",
			"alpha2Code": "NC",
			"alpha3Code": "NCL",
			"numericCode": 540,
			"latitude": -21.5,
			"longitude": 165.5,
			"population": 287800,
			"continent": "Oceania",
			"code": "OC"
		},
		{
			"countryName": "New Zealand",
			"alpha2Code": "NZ",
			"alpha3Code": "NZL",
			"numericCode": 554,
			"latitude": -41,
			"longitude": 174,
			"population": 4917000,
			"continent": "Oceania",
			"code": "OC"
		},
		{
			"countryName": "Northern Mariana Islands",
			"alpha2Code": "MP",
			"alpha3Code": "MNP",
			"numericCode": 580,
			"latitude": 15.2,
			"longitude": 145.75,
			"population": 57216,
			"continent": "Oceania",
			"code": "OC"
		},
		{
			"countryName": "Palau",
			"alpha2Code": "PW",
			"alpha3Code": "PLW",
			"numericCode": 585,
			"latitude": 7.5,
			"longitude": 134.5,
			"population": 18008,
			"continent": "Oceania",
			"code": "OC"
		},
		{
			"countryName": "Papua New Guinea",
			"alpha2Code": "PG",
			"alpha3Code": "PNG",
			"numericCode": 598,
			"latitude": -6,
			"longitude": 147,
			"population": 8776109,
			"continent": "Oceania",
			"code": "OC"
		},
		{
			"countryName": "Samoa",
			"alpha2Code": "WS",
			"alpha3Code": "WSM",
			"numericCode": 882,
			"latitude": -13.5833,
			"longitude": -172.3333,
			"population": 197097,
			"continent": "Oceania",
			"code": "OC"
		},
		{
			"countryName": "Solomon Islands",
			"alpha2Code": "SB",
			"alpha3Code": "SLB",
			"numericCode": 90,
			"latitude": -8,
			"longitude": 159,
			"population": 669823,
			"continent": "Oceania",
			"code": "OC"
		},
		{
			"countryName": "Tonga",
			"alpha2Code": "TO",
			"alpha3Code": "TON",
			"numericCode": 776,
			"latitude": -20,
			"longitude": -175,
			"population": 104494,
			"continent": "Oceania",
			"code": "OC"
		},
		{
			"countryName": "Tuvalu",
			"alpha2Code": "TV",
			"alpha3Code": "TUV",
			"numericCode": 798,
			"latitude": -8,
			"longitude": 178,
			"population": 11646,
			"continent": "Oceania",
			"code": "OC"
		},
		{
			"countryName": "Vanuatu",
			"alpha2Code": "VU",
			"alpha3Code": "VUT",
			"numericCode": 548,
			"latitude": -16,
			"longitude": 167,
			"population": 299882,
			"continent": "Oceania",
			"code": "OC"
		}
	],
	"North America": [
		{
			"countryName": "Antigua and Barbuda",
			"alpha2Code": "AG",
			"alpha3Code": "ATG",
			"numericCode": 28,
			"latitude": 17.05,
			"longitude": -61.8,
			"population": 97118,
			"continent": "North America",
			"code": "NA"
		},
		{
			"countryName": "Aruba",
			"alpha2Code": "AW",
			"alpha3Code": "ABW",
			"numericCode": 533,
			"latitude": 12.5,
			"longitude": -69.9667,
			"population": 106314,
			"continent": "North America",
			"code": "NA"
		},
		{
			"countryName": "Bahamas",
			"alpha2Code": "BS",
			"alpha3Code": "BHS",
			"numericCode": 44,
			"latitude": 24.25,
			"longitude": -76,
			"population": 389482,
			"continent": "North America",
			"code": "NA"
		},
		{
			"countryName": "Barbados",
			"alpha2Code": "BB",
			"alpha3Code": "BRB",
			"numericCode": 52,
			"latitude": 13.1667,
			"longitude": -59.5333,
			"population": 287025,
			"continent": "North America",
			"code": "NA"
		},
		{
			"countryName": "Belize",
			"alpha2Code": "BZ",
			"alpha3Code": "BLZ",
			"numericCode": 84,
			"latitude": 17.25,
			"longitude": -88.75,
			"population": 390353,
			"continent": "North America",
			"code": "NA"
		},
		{
			"countryName": "Bermuda",
			"alpha2Code": "BM",
			"alpha3Code": "BMU",
			"numericCode": 60,
			"latitude": 32.3333,
			"longitude": -64.75,
			"population": 63918,
			"continent": "North America",
			"code": "NA"
		},
		{
			"countryName": "Canada",
			"alpha2Code": "CA",
			"alpha3Code": "CAN",
			"numericCode": 124,
			"latitude": 60,
			"longitude": -95,
			"population": 37589262,
			"continent": "North America",
			"code": "NA"
		},
		{
			"countryName": "Cayman Islands",
			"alpha2Code": "KY",
			"alpha3Code": "CYM",
			"numericCode": 136,
			"latitude": 19.5,
			"longitude": -80.5,
			"population": 64948,
			"continent": "North America",
			"code": "NA"
		},
		{
			"countryName": "Costa Rica",
			"alpha2Code": "CR",
			"alpha3Code": "CRI",
			"numericCode": 188,
			"latitude": 10,
			"longitude": -84,
			"population": 5047561,
			"continent": "North America",
			"code": "NA"
		},
		{
			"countryName": "Cuba",
			"alpha2Code": "CU",
			"alpha3Code": "CUB",
			"numericCode": 192,
			"latitude": 21.5,
			"longitude": -80,
			"population": 11333483,
			"continent": "North America",
			"code": "NA"
		},
		{
			"countryName": "Dominica",
			"alpha2Code": "DM",
			"alpha3Code": "DMA",
			"numericCode": 212,
			"latitude": 15.4167,
			"longitude": -61.3333,
			"population": 71808,
			"continent": "North America",
			"code": "NA"
		},
		{
			"countryName": "Dominican Republic",
			"alpha2Code": "DO",
			"alpha3Code": "DOM",
			"numericCode": 214,
			"latitude": 19,
			"longitude": -70.6667,
			"population": 10738958,
			"continent": "North America",
			"code": "NA"
		},
		{
			"countryName": "El Salvador",
			"alpha2Code": "SV",
			"alpha3Code": "SLV",
			"numericCode": 222,
			"latitude": 13.8333,
			"longitude": -88.9167,
			"population": 6453553,
			"continent": "North America",
			"code": "NA"
		},
		{
			"countryName": "Greenland",
			"alpha2Code": "GL",
			"alpha3Code": "GRL",
			"numericCode": 304,
			"latitude": 72,
			"longitude": -40,
			"population": 56225,
			"continent": "North America",
			"code": "NA"
		},
		{
			"countryName": "Grenada",
			"alpha2Code": "GD",
			"alpha3Code": "GRD",
			"numericCode": 308,
			"latitude": 12.1167,
			"longitude": -61.6667,
			"population": 112003,
			"continent": "North America",
			"code": "NA"
		},
		{
			"countryName": "Guatemala",
			"alpha2Code": "GT",
			"alpha3Code": "GTM",
			"numericCode": 320,
			"latitude": 15.5,
			"longitude": -90.25,
			"population": 16604026,
			"continent": "North America",
			"code": "NA"
		},
		{
			"countryName": "Haiti",
			"alpha2Code": "HT",
			"alpha3Code": "HTI",
			"numericCode": 332,
			"latitude": 19,
			"longitude": -72.4167,
			"population": 11263077,
			"continent": "North America",
			"code": "NA"
		},
		{
			"countryName": "Honduras",
			"alpha2Code": "HN",
			"alpha3Code": "HND",
			"numericCode": 340,
			"latitude": 15,
			"longitude": -86.5,
			"population": 9746117,
			"continent": "North America",
			"code": "NA"
		},
		{
			"countryName": "Jamaica",
			"alpha2Code": "JM",
			"alpha3Code": "JAM",
			"numericCode": 388,
			"latitude": 18.25,
			"longitude": -77.5,
			"population": 2948279,
			"continent": "North America",
			"code": "NA"
		},
		{
			"countryName": "Mexico",
			"alpha2Code": "MX",
			"alpha3Code": "MEX",
			"numericCode": 484,
			"latitude": 23,
			"longitude": -102,
			"population": 127575529,
			"continent": "North America",
			"code": "NA"
		},
		{
			"countryName": "Nicaragua",
			"alpha2Code": "NI",
			"alpha3Code": "NIC",
			"numericCode": 558,
			"latitude": 13,
			"longitude": -85,
			"population": 6545502,
			"continent": "North America",
			"code": "NA"
		},
		{
			"countryName": "Panama",
			"alpha2Code": "PA",
			"alpha3Code": "PAN",
			"numericCode": 591,
			"latitude": 9,
			"longitude": -80,
			"population": 4246439,
			"continent": "North America",
			"code": "NA"
		},
		{
			"countryName": "Puerto Rico",
			"alpha2Code": "PR",
			"alpha3Code": "PRI",
			"numericCode": 630,
			"latitude": 18.25,
			"longitude": -66.5,
			"population": 3193694,
			"continent": "North America",
			"code": "NA"
		},
		{
			"countryName": "Saint Kitts and Nevis",
			"alpha2Code": "KN",
			"alpha3Code": "KNA",
			"numericCode": 659,
			"latitude": 17.3333,
			"longitude": -62.75,
			"population": 52834,
			"continent": "North America",
			"code": "NA"
		},
		{
			"countryName": "Saint Lucia",
			"alpha2Code": "LC",
			"alpha3Code": "LCA",
			"numericCode": 662,
			"latitude": 13.8833,
			"longitude": -61.1333,
			"population": 182790,
			"continent": "North America",
			"code": "NA"
		},
		{
			"countryName": "Saint Vincent and the Grenadines",
			"alpha2Code": "VC",
			"alpha3Code": "VCT",
			"numericCode": 670,
			"latitude": 13.25,
			"longitude": -61.2,
			"population": 110589,
			"continent": "North America",
			"code": "NA"
		},
		{
			"countryName": "Saint Vincent & the Grenadines",
			"alpha2Code": "VC",
			"alpha3Code": "VCT",
			"numericCode": 670,
			"latitude": 13.25,
			"longitude": -61.2,
			"population": 110589,
			"continent": "North America",
			"code": "NA"
		},
		{
			"countryName": "St. Vincent and the Grenadines",
			"alpha2Code": "VC",
			"alpha3Code": "VCT",
			"numericCode": 670,
			"latitude": 13.25,
			"longitude": -61.2,
			"population": 110589,
			"continent": "North America",
			"code": "NA"
		},
		{
			"countryName": "Trinidad and Tobago",
			"alpha2Code": "TT",
			"alpha3Code": "TTO",
			"numericCode": 780,
			"latitude": 11,
			"longitude": -61,
			"population": 1394973,
			"continent": "North America",
			"code": "NA"
		},
		{
			"countryName": "Turks and Caicos Islands",
			"alpha2Code": "TC",
			"alpha3Code": "TCA",
			"numericCode": 796,
			"latitude": 21.75,
			"longitude": -71.5833,
			"population": 38191,
			"continent": "North America",
			"code": "NA"
		},
		{
			"countryName": "United States",
			"alpha2Code": "US",
			"alpha3Code": "USA",
			"numericCode": 840,
			"latitude": 38,
			"longitude": -97,
			"population": 328239523,
			"continent": "North America",
			"code": "NA"
		},
		{
			"countryName": "Virgin Islands, British",
			"alpha2Code": "VG",
			"alpha3Code": "VGB",
			"numericCode": 92,
			"latitude": 18.5,
			"longitude": -64.5,
			"population": 30030,
			"continent": "North America",
			"code": "NA"
		},
		{
			"countryName": "Virgin Islands, U.S.",
			"alpha2Code": "VI",
			"alpha3Code": "VIR",
			"numericCode": 850,
			"latitude": 18.3333,
			"longitude": -64.8333,
			"population": 106631,
			"continent": "North America",
			"code": "NA"
		}
	],
	"South America": [
		{
			"countryName": "Argentina",
			"alpha2Code": "AR",
			"alpha3Code": "ARG",
			"numericCode": 32,
			"latitude": -34,
			"longitude": -64,
			"population": 44938712,
			"continent": "South America",
			"code": "SA"
		},
		{
			"countryName": "Bolivia, Plurinational State of",
			"alpha2Code": "BO",
			"alpha3Code": "BOL",
			"numericCode": 68,
			"latitude": -17,
			"longitude": -65,
			"population": 11513100,
			"continent": "South America",
			"code": "SA"
		},
		{
			"countryName": "Bolivia",
			"alpha2Code": "BO",
			"alpha3Code": "BOL",
			"numericCode": 68,
			"latitude": -17,
			"longitude": -65,
			"population": 11513100,
			"continent": "South America",
			"code": "SA"
		},
		{
			"countryName": "Brazil",
			"alpha2Code": "BR",
			"alpha3Code": "BRA",
			"numericCode": 76,
			"latitude": -10,
			"longitude": -55,
			"population": 211049527,
			"continent": "South America",
			"code": "SA"
		},
		{
			"countryName": "Chile",
			"alpha2Code": "CL",
			"alpha3Code": "CHL",
			"numericCode": 152,
			"latitude": -30,
			"longitude": -71,
			"population": 18952038,
			"continent": "South America",
			"code": "SA"
		},
		{
			"countryName": "Colombia",
			"alpha2Code": "CO",
			"alpha3Code": "COL",
			"numericCode": 170,
			"latitude": 4,
			"longitude": -72,
			"population": 50339443,
			"continent": "South America",
			"code": "SA"
		},
		{
			"countryName": "Ecuador",
			"alpha2Code": "EC",
			"alpha3Code": "ECU",
			"numericCode": 218,
			"latitude": -2,
			"longitude": -77.5,
			"population": 17373662,
			"continent": "South America",
			"code": "SA"
		},
		{
			"countryName": "Guyana",
			"alpha2Code": "GY",
			"alpha3Code": "GUY",
			"numericCode": 328,
			"latitude": 5,
			"longitude": -59,
			"population": 782766,
			"continent": "South America",
			"code": "SA"
		},
		{
			"countryName": "Paraguay",
			"alpha2Code": "PY",
			"alpha3Code": "PRY",
			"numericCode": 600,
			"latitude": -23,
			"longitude": -58,
			"population": 7044636,
			"continent": "South America",
			"code": "SA"
		},
		{
			"countryName": "Peru",
			"alpha2Code": "PE",
			"alpha3Code": "PER",
			"numericCode": 604,
			"latitude": -10,
			"longitude": -76,
			"population": 32510453,
			"continent": "South America",
			"code": "SA"
		},
		{
			"countryName": "Suriname",
			"alpha2Code": "SR",
			"alpha3Code": "SUR",
			"numericCode": 740,
			"latitude": 4,
			"longitude": -56,
			"population": 581363,
			"continent": "South America",
			"code": "SA"
		},
		{
			"countryName": "Uruguay",
			"alpha2Code": "UY",
			"alpha3Code": "URY",
			"numericCode": 858,
			"latitude": -33,
			"longitude": -56,
			"population": 3461734,
			"continent": "South America",
			"code": "SA"
		},
		{
			"countryName": "Venezuela, Bolivarian Republic of",
			"alpha2Code": "VE",
			"alpha3Code": "VEN",
			"numericCode": 862,
			"latitude": 8,
			"longitude": -66,
			"population": 28515829,
			"continent": "South America",
			"code": "SA"
		},
		{
			"countryName": "Venezuela",
			"alpha2Code": "VE",
			"alpha3Code": "VEN",
			"numericCode": 862,
			"latitude": 8,
			"longitude": -66,
			"population": 28515829,
			"continent": "South America",
			"code": "SA"
		}
	]
}